{
  "config": {
    "n_features": 28,
    "n_major_components": 4,
    "n_minor_components": 2,
    "total_bits": 16,
    "frac_bits": 8
  },
  "mean": [
    -0.25245122262818603,
    -0.2586542440915893,
    -0.24672773800008072,
    -0.24397129537929177,
    -0.2562846114608351,
    -0.24249414905534666,
    -0.24060489999855428,
    -0.2600961033414134,
    -0.24347364186176204,
    -0.2465644706945685,
    -0.24144122566151258,
    -0.2546818265776479,
    -0.24743728303920395,
    -0.2513219364147888,
    -0.2570354236998161,
    -0.25357171466559075,
    -0.24879537227066734,
    -0.25604907137950106,
    -0.2464328085601631,
    -0.2504642943869499,
    -0.25984732230488616,
    -0.25171515180432064,
    -0.2612817403627412,
    -0.24946035721820448,
    -0.24318222223899386,
    -0.25866449566184835,
    -0.23781084518385423,
    -0.2523022443667881
  ],
  "mean_fixed": [
    -65,
    -66,
    -63,
    -62,
    -66,
    -62,
    -62,
    -67,
    -62,
    -63,
    -62,
    -65,
    -63,
    -64,
    -66,
    -65,
    -64,
    -66,
    -63,
    -64,
    -67,
    -64,
    -67,
    -64,
    -62,
    -66,
    -61,
    -65
  ],
  "major_components": [
    [
      0.17264313561723488,
      0.013368093348919974,
      0.14374461880180214,
      -0.34380827968506983,
      -0.044601351524510245,
      -0.22751550552334288,
      0.0821661978044123,
      -0.0077867722218689294,
      0.07612902169449379,
      0.06224378944229823,
      0.45458762958599874,
      0.30514404596999684,
      -0.15957334658143638,
      0.02784709734246523,
      0.15937213583562077,
      0.2102716277676957,
      0.014006662561781163,
      -0.03876862392892447,
      0.0700632964746504,
      0.02294566203567894,
      0.10799470499775068,
      0.1638325072639146,
      0.06663750923187663,
      -0.0394029979480105,
      -0.2038581446899057,
      -0.07894569448041835,
      0.5037172910724375,
      -0.11020745921122468
    ],
    [
      0.12881214775692892,
      -0.11790321065922599,
      0.04841904315627741,
      0.22604788955827113,
      -0.2379435910851419,
      0.2628047588296333,
      0.17693438827598007,
      0.06960830532152,
      0.19124456655985958,
      -0.2659825583185663,
      -0.2663179828831126,
      -0.07571036626721034,
      -0.028600840884972743,
      -0.22290939817626612,
      0.003590872354672769,
      0.06086889757375155,
      0.006962992494368655,
      -0.02230935214913679,
      -0.2789369977215904,
      -0.008356532292490993,
      0.08961109370923424,
      0.1441093835277916,
      -0.2822490685660197,
      0.11453759763646298,
      -0.3024814167999721,
      0.29611975654639855,
      0.36617783864217485,
      -0.05249292369366123
    ],
    [
      -0.22126566730060154,
      0.028868506398225635,
      -0.17152209349030528,
      0.0826848061713382,
      -0.13146065299627765,
      0.22215254246680435,
      -0.24350157329541264,
      0.23068780090123991,
      -0.12847628744065853,
      -0.014302738808778947,
      0.4053573933443017,
      -0.08628577595431888,
      0.2628690091304454,
      0.340166978540703,
      -0.09717397692143291,
      -0.07324528797462718,
      0.10663163775334093,
      -0.14459478986520663,
      -0.28263645564373246,
      0.15119576896379333,
      0.1722490537293252,
      0.07609334855242719,
      -0.011797909198799542,
      -0.18889779901625545,
      0.18345315408395818,
      0.22613320869111733,
      0.16135204624297508,
      -0.1720095796115133
    ],
    [
      -0.02531104148387142,
      0.054375959926446726,
      0.23831447257725838,
      0.196660900273831,
      -0.010340642207842829,
      -0.06523004992034628,
      -0.02342767457677067,
      0.10791269571213802,
      0.7150200335138632,
      -0.043245403122239866,
      0.14517840476950852,
      -0.16567997070929905,
      0.175642937132055,
      0.1826176302719389,
      0.007013775364636707,
      0.16900268981070604,
      -0.0005622924886052276,
      -0.17624223900040728,
      0.23125242173227875,
      -0.12507652488720594,
      -0.03218997886039453,
      -0.11503939334987369,
      -0.07714671084835555,
      0.09615776624006493,
      0.2456681441188619,
      -0.02816147400710891,
      0.04704172166713269,
      0.1921087122097411
    ]
  ],
  "major_components_fixed": [
    [
      44,
      3,
      37,
      -88,
      -11,
      -58,
      21,
      -2,
      19,
      16,
      116,
      78,
      -41,
      7,
      41,
      54,
      4,
      -10,
      18,
      6,
      28,
      42,
      17,
      -10,
      -52,
      -20,
      129,
      -28
    ],
    [
      33,
      -30,
      12,
      58,
      -61,
      67,
      45,
      18,
      49,
      -68,
      -68,
      -19,
      -7,
      -57,
      1,
      16,
      2,
      -6,
      -71,
      -2,
      23,
      37,
      -72,
      29,
      -77,
      76,
      94,
      -13
    ],
    [
      -57,
      7,
      -44,
      21,
      -34,
      57,
      -62,
      59,
      -33,
      -4,
      104,
      -22,
      67,
      87,
      -25,
      -19,
      27,
      -37,
      -72,
      39,
      44,
      19,
      -3,
      -48,
      47,
      58,
      41,
      -44
    ],
    [
      -6,
      14,
      61,
      50,
      -3,
      -17,
      -6,
      28,
      183,
      -11,
      37,
      -42,
      45,
      47,
      2,
      43,
      0,
      -45,
      59,
      -32,
      -8,
      -29,
      -20,
      25,
      63,
      -7,
      12,
      49
    ]
  ],
  "minor_components": [
    [
      0.003179921757524057,
      0.17140057884650492,
      0.056661553626825546,
      0.05049264396771022,
      -0.10303483487753172,
      -0.02704564414596339,
      -0.3566522187600228,
      -0.23344775782716173,
      0.28033799978932433,
      0.10594308552491426,
      0.07400655040448315,
      0.2019529110454224,
      -0.26718541473867785,
      0.16772497056424102,
      0.12691552133540573,
      -0.17003122441692406,
      0.10634774474059842,
      0.0232828907838136,
      0.0037594073494502615,
      0.024187353061656446,
      -0.09334552281517933,
      0.04796788287998196,
      -0.024030457498110714,
      -0.019553494219368472,
      -0.35744275739978665,
      0.44512750260655226,
      -0.35804506744725717,
      -0.11254748416212396
    ],
    [
      -0.1241312872753919,
      0.09876015477490718,
      0.25095633495861125,
      0.5408232961136518,
      0.059224473141994825,
      -0.33898612149343105,
      0.035208592522913584,
      -0.2003074115708031,
      -0.24468320414743577,
      -0.2471921880320444,
      -0.03435888578808319,
      0.2858296726261784,
      -0.06021254855759038,
      -0.00755379699458262,
      0.05584416473484566,
      0.0681004904039449,
      -0.13789023102311374,
      0.056493170350218065,
      0.0854461873727357,
      0.12144058735619284,
      0.007896061139721432,
      0.06377105471527776,
      -0.005258583345170119,
      -0.21433886847040354,
      0.2851809934346709,
      0.21429631054157394,
      0.1483500301577492,
      0.02616223372571819
    ]
  ],
  "minor_components_fixed": [
    [
      1,
      44,
      15,
      13,
      -26,
      -7,
      -91,
      -60,
      72,
      27,
      19,
      52,
      -68,
      43,
      32,
      -44,
      27,
      6,
      1,
      6,
      -24,
      12,
      -6,
      -5,
      -92,
      114,
      -92,
      -29
    ],
    [
      -32,
      25,
      64,
      138,
      15,
      -87,
      9,
      -51,
      -63,
      -63,
      -9,
      73,
      -15,
      -2,
      14,
      17,
      -35,
      14,
      22,
      31,
      2,
      16,
      -1,
      -55,
      73,
      55,
      38,
      7
    ]
  ],
  "thresholds": {
    "major": 7.417141430902376,
    "minor": 1.4919419890075831
  }
}