{
  "config": {
    "n_features": 28,
    "n_major_components": 4,
    "n_minor_components": 2,
    "total_bits": 32,
    "frac_bits": 8
  },
  "mean": [
    0.0002152962903484824,
    0.0,
    0.0,
    0.0,
    0.02608702905532174,
    0.012056292389956319,
    0.0,
    0.0,
    0.0,
    0.0012433333333333333,
    0.0,
    0.757,
    0.0004,
    0.0009,
    0.0,
    0.0002,
    0.0004,
    0.00015,
    0.0006,
    0.0,
    0.0,
    0.0028,
    0.23226516634050878,
    0.23584794520547944,
    0.0009370000000000001,
    0.000987,
    0.0008,
    0.0008
  ],
  "mean_fixed": [
    0,
    0,
    0,
    0,
    7,
    3,
    0,
    0,
    0,
    0,
    0,
    194,
    0,
    0,
    0,
    0,
    0,
    0,
    0,
    0,
    0,
    1,
    59,
    60,
    0,
    0,
    0,
    0
  ],
  "major_components": [
    [
      1.9953378212324076e-08,
      -4.440892098500626e-16,
      3.469446951953614e-18,
      -6.776263578034403e-21,
      -5.315635091261959e-07,
      3.679798460829266e-06,
      4.591774807899561e-41,
      0.0,
      0.0,
      -2.8873252526193898e-09,
      0.0,
      1.0332591542810228e-05,
      2.025332673057673e-08,
      1.3506607423990432e-07,
      0.0,
      2.2032510455730922e-08,
      -1.0486225030567613e-08,
      -3.169351426157589e-09,
      -2.0469120984183753e-08,
      0.0,
      0.0,
      -5.064658333990696e-08,
      -9.273608510943043e-06,
      -9.227365499582853e-06,
      3.050293285642664e-08,
      3.2191618150253545e-08,
      -3.3958510777126077e-08,
      -3.395851077712604e-08
    ],
    [
      -5.727033407481539e-08,
      9.367506770274758e-17,
      -2.220446049250313e-16,
      -1.1102230246251565e-16,
      4.984621456986343e-05,
      4.243267942088867e-08,
      0.0,
      0.0,
      0.0,
      1.0893463952487227e-06,
      0.0,
      -0.00023859623504266864,
      4.052834245136594e-07,
      2.9130149348568407e-07,
      0.0,
      -4.121185508437634e-08,
      1.8000308948243675e-07,
      -8.87519224767151e-08,
      5.790536160562865e-07,
      0.0,
      0.0,
      4.2427643089311176e-07,
      0.00025425166187473795,
      0.0002526190010847088,
      -5.67257366123147e-07,
      -6.092975541620942e-07,
      -9.604403969381573e-07,
      -9.604403969381597e-07
    ],
    [
      5.185100469901234e-07,
      8.673617379884035e-18,
      3.3306690738754696e-16,
      -5.551115123125783e-16,
      9.290249671628857e-06,
      -1.712339499516864e-08,
      0.0,
      0.0,
      0.0,
      4.534209033025816e-06,
      0.0,
      0.0013546795819533734,
      1.494676276324754e-06,
      1.4678025299190817e-06,
      0.0,
      3.9653998878060294e-07,
      1.3148640339517842e-06,
      2.8356525810031427e-07,
      2.3685618616078797e-06,
      0.0,
      0.0,
      7.926706609544744e-06,
      -0.0013629069581631993,
      -0.0013576919684129168,
      1.2052399943363006e-06,
      1.2652596422436347e-06,
      1.0038235540144272e-06,
      1.0038235540144162e-06
    ],
    [
      8.029378868969944e-05,
      2.726226362714801e-16,
      -5.204170427930421e-18,
      8.673617379884035e-18,
      -2.43097551894603e-08,
      -7.736036811418942e-10,
      -1.0097419586828951e-28,
      0.0,
      0.0,
      1.1600570390801378e-06,
      0.0,
      -8.505178471402715e-06,
      4.7741557232531035e-05,
      1.979720214582124e-06,
      0.0,
      4.591791862062603e-05,
      1.216634797526396e-06,
      3.1868886491928296e-07,
      -6.872059612427596e-08,
      0.0,
      0.0,
      2.287370068845905e-06,
      9.18933220244692e-06,
      8.744711856961594e-06,
      -1.4076881125455663e-07,
      -1.48400315884092e-07,
      -8.345867287627407e-08,
      -8.345867287627248e-08
    ]
  ],
  "major_components_fixed": [
    [
      0,
      0,
      0,
      0,
      0,
      0,
      0,
      0,
      0,
      0,
      0,
      0,
      0,
      0,
      0,
      0,
      0,
      0,
      0,
      0,
      0,
      0,
      0,
      0,
      0,
      0,
      0,
      0
    ],
    [
      0,
      0,
      0,
      0,
      0,
      0,
      0,
      0,
      0,
      0,
      0,
      0,
      0,
      0,
      0,
      0,
      0,
      0,
      0,
      0,
      0,
      0,
      0,
      0,
      0,
      0,
      0,
      0
    ],
    [
      0,
      0,
      0,
      0,
      0,
      0,
      0,
      0,
      0,
      0,
      0,
      0,
      0,
      0,
      0,
      0,
      0,
      0,
      0,
      0,
      0,
      0,
      0,
      0,
      0,
      0,
      0,
      0
    ],
    [
      0,
      0,
      0,
      0,
      0,
      0,
      0,
      0,
      0,
      0,
      0,
      0,
      0,
      0,
      0,
      0,
      0,
      0,
      0,
      0,
      0,
      0,
      0,
      0,
      0,
      0,
      0,
      0
    ]
  ],
  "minor_components": [
    [
      1.1901216263939678e-08,
      -8.104411239329146e-17,
      -3.469446951953614e-16,
      -3.209238430557093e-16,
      1.191456341130471e-08,
      -4.334994379729815e-12,
      -1.734723475976807e-18,
      -8.470329472543003e-22,
      1.0339757656912846e-25,
      -0.0001432577102407932,
      3.851859888774472e-34,
      0.003780940060476139,
      -2.8364884548471743e-05,
      -8.096704505135911e-05,
      0.0,
      -1.1114826827911616e-05,
      -4.865731816129836e-05,
      -1.8674787345232585e-05,
      -3.742711171029645e-05,
      0.0,
      0.0,
      -0.00034202881421522977,
      -0.0013810243032647519,
      0.0013864658429231353,
      -3.787453710337002e-05,
      -5.5926717444868806e-05,
      -0.00010373744086204094,
      -0.00010373744086204084
    ],
    [
      -2.8320017645211237e-09,
      -2.1385887852276575e-17,
      -1.889113865338743e-15,
      2.615529320904031e-15,
      -2.842548067385147e-09,
      1.2791941540675648e-12,
      0.0,
      0.0,
      -3.3881317890172014e-21,
      0.03329237236260106,
      -6.462348535570529e-27,
      0.0007066315990890108,
      0.0009479642092714916,
      0.0017629945659548918,
      0.0,
      -7.621099004010573e-05,
      0.00045014440480381236,
      0.0002732466267018861,
      -7.920517278331203e-05,
      0.0,
      0.0,
      0.04926228498026478,
      -5.770158244101123e-06,
      6.149771945110116e-06,
      -5.583605138950468e-05,
      -5.982725900919148e-05,
      -4.396359864701092e-05,
      -4.3963598647010774e-05
    ]
  ],
  "minor_components_fixed": [
    [
      0,
      0,
      0,
      0,
      0,
      0,
      0,
      0,
      0,
      0,
      0,
      1,
      0,
      0,
      0,
      0,
      0,
      0,
      0,
      0,
      0,
      0,
      0,
      0,
      0,
      0,
      0,
      0
    ],
    [
      0,
      0,
      0,
      0,
      0,
      0,
      0,
      0,
      0,
      9,
      0,
      0,
      0,
      0,
      0,
      0,
      0,
      0,
      0,
      0,
      0,
      13,
      0,
      0,
      0,
      0,
      0,
      0
    ]
  ],
  "explained_variance_ratio": [
    0.9926039832855907,
    0.00616412820191347,
    0.0008817734063994133,
    0.0003499321648355576,
    1.7339759070835438e-07,
    9.101081935107313e-09
  ],
  "scale": [
    8.029548739360848e-05,
    1.0,
    1.0,
    1.0,
    5.0707367780538514e-05,
    3.6800830226729916e-06,
    1.0,
    1.0,
    1.0,
    0.03333333333333333,
    1.0,
    1.0,
    0.5,
    1.0,
    1.0,
    0.5,
    0.25,
    0.5,
    0.5,
    1.0,
    1.0,
    1.0,
    0.0019569471624266144,
    0.0019569471624266144,
    1.0,
    1.0,
    1.0,
    1.0
  ]
}